Date,Open,High,Low,Close,Volume
04/01/2016,46.144001,46.276001,43.799999,44.681999,34135500
05/01/2016,45.271999,45.377998,44,44.686001,15934000
06/01/2016,44,44.009998,43.195999,43.807999,18895500
07/01/2016,42.838001,43.688,42.734001,43.130001,17771500
08/01/2016,43.571999,44.088001,42.153999,42.200001,18140500
11/01/2016,42.801998,42.889999,40.599998,41.57,20457000
12/01/2016,42.32,42.748001,41.062,41.993999,15459500
13/01/2016,42.402,42.529999,40,40.062,20632000
14/01/2016,40.442001,42,38.675999,41.236,32453500
15/01/2016,39.793999,41.014,39.450001,40.998001,27893000
19/01/2016,41.742001,42.094002,40.155998,40.944,20193500
20/01/2016,39.880001,40.256001,38.25,39.740002,29193000
21/01/2016,40.310001,40.646,39.004002,39.993999,15831000
22/01/2016,40.959999,41.099998,39.806,40.509998,15620500
25/01/2016,40.012001,40.714001,39.175999,39.276001,13493500
26/01/2016,39.34,39.563999,37.776001,38.712002,24821000
27/01/2016,38.476002,38.652,37.153999,37.613998,18086000
28/01/2016,38.158001,38.256001,36.481998,37.939999,22964000
29/01/2016,37.990002,38.748001,37.616001,38.240002,14261500
01/02/2016,37.751999,39.903999,36.549999,39.388,26488000
02/02/2016,38.484001,38.624001,36.046001,36.556,28868000
03/02/2016,36.717999,36.787998,34.035999,34.695999,39657000
04/02/2016,34.139999,35.195999,33.397999,35.066002,21927000
05/02/2016,34.259998,34.599998,31.548,32.52,47188000
08/02/2016,31.42,31.43,29.200001,29.598,46565000
09/02/2016,28.464001,31.958,28.209999,29.65,43258000
10/02/2016,30.1,30.993999,28.348,28.733999,52032500
11/02/2016,30.4,32.652,29.4,30.094,71262000
12/02/2016,31,31.402,28.74,30.208,36179000
16/02/2016,31.74,32.59,30.822001,31.034,27969000
17/02/2016,31.799999,33.868,31.336,33.736,29126000
18/02/2016,34.484001,34.59,32.953999,33.354,19438000
19/02/2016,32.731998,33.498001,32.5,33.316002,14797000
22/02/2016,34.023998,35.782001,33.970001,35.548,25300500
23/02/2016,35.231998,36.346001,34.736,35.442001,29922000
24/02/2016,34.549999,35.900002,33.568001,35.799999,26978000
25/02/2016,35.73,37.703999,35.040001,37.486,28753500
26/02/2016,37.740002,38.400002,37,38.068001,30325500
29/02/2016,38.48,39.27,37.844002,38.386002,22495000
01/03/2016,38.849998,39.189999,36.540001,37.27,33561000
02/03/2016,36.745998,37.703999,36.299999,37.667999,24312000
03/03/2016,37.655998,39.484001,36.844002,39.147999,24145000
04/03/2016,39.599998,40.806,39.5,40.208,32445500
07/03/2016,39.535999,41.939999,39.48,41.057999,26647000
08/03/2016,40.700001,41.5,40.439999,40.52,20893500
09/03/2016,40.903999,41.874001,40.557999,41.743999,16043000
10/03/2016,42,42.658001,40.133999,41.035999,25962500
11/03/2016,41.585999,41.883999,41.066002,41.5,16715500
14/03/2016,42.529999,43.344002,42.127998,43.029999,20328500
15/03/2016,42.854,43.793999,42.299999,43.667999,15902500
16/03/2016,43.599998,44.515999,43.403999,44.386002,17583500
17/03/2016,44.293999,45.700001,44,45.276001,18914500
18/03/2016,45.82,46.896,45.612,46.548,23559000
21/03/2016,47.068001,47.976002,47,47.664001,26539000
22/03/2016,47.442001,47.798,46.512001,46.848,21580000
23/03/2016,46.473999,46.945999,44.405998,44.515999,24744000
24/03/2016,43.155998,45.778,43,45.549999,24804500
28/03/2016,46.321999,46.962002,45,46.051998,19628500
29/03/2016,45.978001,46.476002,45.066002,46.026001,20071500
30/03/2016,47.018002,47.099998,45.299999,45.377998,20165000
31/03/2016,45.868,47.484001,45.001999,45.953999,40064500
01/04/2016,48.966,49.580002,46.650002,47.518002,79987500
04/04/2016,49.824001,50.424,48.728001,49.397999,67376500
05/04/2016,48.099998,51.312,48,51.094002,49743500
06/04/2016,50.793999,53.548,50.689999,53.084,58527500
07/04/2016,53.290001,53.868,50.902,51.439999,44281000
08/04/2016,52.099998,52.164001,49.604,50.014,36819500
11/04/2016,50.200001,51.798,49.060001,49.984001,45808500
12/04/2016,49.900002,50.360001,48.726002,49.563999,28816000
13/04/2016,49.702,51.099998,49.466,50.905998,24628000
14/04/2016,50.599998,51.368,50.209999,50.372002,20661000
15/04/2016,50.262001,50.919998,49.824001,50.902,18762000
18/04/2016,50.445999,51.661999,50.332001,50.776001,21357000
19/04/2016,50.624001,50.874001,48.25,49.473999,31787500
20/04/2016,49.251999,50.731998,48.299999,49.993999,25970500
21/04/2016,49.798,50.18,49.382,49.658001,13915500
22/04/2016,49.778,50.799999,49.141998,50.75,18931500
25/04/2016,50.602001,51.476002,50.152,50.363998,18351500
26/04/2016,50.41,51.146,49.877998,50.748001,16119000
27/04/2016,50.549999,51,49.880001,50.293999,16029000
28/04/2016,49.970001,50.686001,49.487999,49.542,12595000
29/04/2016,49.627998,49.686001,47.562,48.152,27069000
02/05/2016,48.299999,48.638,46.964001,48.360001,19219500
03/05/2016,47.472,47.782001,46.324001,46.464001,21511000
04/05/2016,46.057999,46.891998,44.080002,44.512001,43502500
05/05/2016,45.692001,45.728001,41.958,42.306,56274000
06/05/2016,42.174,43.273998,41.622002,42.986,28426000
09/05/2016,43.144001,43.23,41.360001,41.784,23882000
10/05/2016,41.509998,41.894001,41,41.737999,20353000
11/05/2016,41.518002,43.096001,41.209999,41.792,25809500
12/05/2016,42.287998,42.334,40.731998,41.456001,18252500
13/05/2016,41.556,42.240002,41.34,41.521999,14114000
16/05/2016,41.630001,42.630001,41.584,41.658001,14747000
17/05/2016,41.810001,41.964001,40.804001,40.931999,14218000
18/05/2016,41.830002,43.062,41.549999,42.234001,28087500
19/05/2016,42.723999,43.358002,41.459999,43.042,34331500
20/05/2016,43.397999,44.110001,43.27,44.056,45035500
23/05/2016,43.973999,44.52,43.172001,43.243999,25512500
24/05/2016,43.32,43.748001,43.035999,43.582001,15069000
25/05/2016,43.582001,44.271999,43.301998,43.916,15634000
26/05/2016,44.099998,45.051998,43.810001,45.023998,20362000
27/05/2016,44.998001,45.186001,44.150002,44.608002,18251500
31/05/2016,44.608002,44.950001,44.299999,44.646,13945000
01/06/2016,44.296001,44.48,43.377998,43.911999,14913500
02/06/2016,43.917999,43.981998,43.422001,43.792,10164000
03/06/2016,44,44.388,43.602001,43.798,11145000
06/06/2016,43.599998,44.18,43.09,44.136002,11247500
07/06/2016,44.448002,46.888,44.304001,46.467999,31068000
08/06/2016,46.759998,48.169998,46.521999,47.104,29860000
09/06/2016,46.995998,47.066002,45.411999,45.872002,22460500
10/06/2016,45.478001,45.594002,43.683998,43.757999,30133000
13/06/2016,43.900002,45.153999,43.532001,43.574001,20965000
14/06/2016,43.776001,44.439999,42.506001,42.992001,17901000
15/06/2016,43.389999,44.380001,43.026001,43.540001,14542500
16/06/2016,43.484001,43.608002,42.700001,43.585999,12201500
17/06/2016,43.562,43.998001,42.900002,43.094002,15563000
20/06/2016,43.900002,44.75,43.646,43.939999,17777500
21/06/2016,44.136002,44.514,43.762001,43.922001,22645000
22/06/2016,39.894001,41.189999,39.150002,39.332001,118712000
23/06/2016,39.138,39.509998,38.425999,39.279999,50653500
24/06/2016,38.009998,39.023998,37.945999,38.630001,35132500
27/06/2016,38.172001,39.762001,37.574001,39.709999,36027000
28/06/2016,40.377998,40.810001,39.882,40.358002,31062000
29/06/2016,41.026001,42.355999,40.599998,42.037998,29974500
30/06/2016,42.594002,42.700001,41.804001,42.456001,24215500
01/07/2016,41.228001,43.647999,41.200001,43.299999,27000000
05/07/2016,41.945999,42.908001,41.599998,42.796001,25876500
06/07/2016,42,43.046001,41.799999,42.888,24599500
07/07/2016,42.619999,43.624001,42.602001,43.188,18060000
08/07/2016,43.560001,43.962002,42.900002,43.355999,20374000
11/07/2016,43.992001,45.355999,43.902,44.956001,27149000
12/07/2016,44.82,45.5,44.644001,44.93,22856500
13/07/2016,45.099998,45.118,44.057999,44.506001,17835500
14/07/2016,44.624001,44.987999,44.209999,44.306,13379000
15/07/2016,44.504002,44.549999,43.928001,44.080002,11171000
18/07/2016,43.928001,45.417999,43.66,45.25,17060500
19/07/2016,45,45.82,44.950001,45.051998,15575500
20/07/2016,45.293999,45.959999,45,45.672001,12842500
21/07/2016,45.200001,45.57,43.82,44.099998,22143500
22/07/2016,44.397999,44.900002,43.776001,44.453999,12898500
25/07/2016,44.453999,46.278,44.273998,46.001999,22453500
26/07/2016,45.537998,46,45.060001,45.902,17150000
27/07/2016,45.868,46.672001,45.383999,45.698002,14445000
28/07/2016,45.59,46.152,45.32,46.122002,12095500
29/07/2016,46.139999,47.056,46.048,46.958,15354000
01/08/2016,47.099998,47.326,45.875999,46.001999,20081500
02/08/2016,45.874001,45.973999,44.279999,45.439999,19672000
03/08/2016,45.473999,45.939999,44.841999,45.158001,19439000
04/08/2016,45.138,46.172001,44.41,46.122002,20735000
05/08/2016,46,46.400002,45.48,46.006001,16026000
08/08/2016,45.599998,45.919998,45.217999,45.231998,11318000
09/08/2016,45.363998,46.307999,45.330002,45.816002,11039000
10/08/2016,45.647999,45.973999,44.924,45.130001,11691500
11/08/2016,45.234001,45.514,44.681999,44.981998,9404500
12/08/2016,45.082001,45.330002,44.807999,45.122002,9067500
15/08/2016,45.203999,45.900002,44.986,45.118,10171500
16/08/2016,45.098,45.438,44.681999,44.722,11335500
17/08/2016,44.866001,44.966,44.560001,44.647999,8935500
18/08/2016,44.764,45.132,44.458,44.702,8572500
19/08/2016,44.708,45.034,44.506001,45,8297500
22/08/2016,44.834,45.021999,44.535999,44.585999,10327500
23/08/2016,44.863998,45.698002,44.560001,44.967999,23922000
24/08/2016,45.41,45.43,44.444,44.523998,12853500
25/08/2016,44.622002,44.759998,44.153999,44.192001,8812500
26/08/2016,44.428001,44.571999,43.764,43.998001,11195000
29/08/2016,44.029999,44.080002,43,43.040001,16331500
30/08/2016,43.222,43.222,42.104,42.268002,15844500
31/08/2016,42.085999,42.52,41.73,42.402,16382500
01/09/2016,41.801998,42.220001,40.099998,40.153999,39715500
02/09/2016,40.466,40.639999,39.240002,39.556,29887000
06/09/2016,39.804001,40.650002,39.799999,40.566002,21953000
07/09/2016,41.099998,41.299999,40.141998,40.341999,18204500
08/09/2016,39.91,39.978001,39.271999,39.472,16889500
09/09/2016,39.818001,39.984001,38.740002,38.894001,18785000
12/09/2016,39,40.273998,38.82,39.66,18576000
13/09/2016,39.411999,39.698002,38.689999,39.209999,17947000
14/09/2016,39.150002,39.584,38.972,39.282001,11272500
15/09/2016,39.298,40.504002,39.279999,40.084,15386000
16/09/2016,40.084,41.139999,39.799999,41.080002,15539000
19/09/2016,41.400002,41.886002,41,41.268002,11497500
20/09/2016,41.369999,41.549999,40.782001,40.928001,12052500
21/09/2016,41.273998,41.400002,40.312,41.043999,13167500
22/09/2016,41.279999,41.456001,40.599998,41.285999,11914500
23/09/2016,41.198002,42.035999,41.133999,41.490002,14526000
26/09/2016,41.299999,42.200001,41.299999,41.798,11972000
27/09/2016,41.93,41.995998,40.922001,41.161999,16866000
28/09/2016,41.501999,41.650002,41.051998,41.254002,10442000
29/09/2016,41.119999,41.466,40.116001,40.139999,13635000
30/09/2016,40.442001,40.995998,39.91,40.806,12931500
03/10/2016,42.459999,43.133999,41.650002,42.740002,29999500
04/10/2016,42.619999,42.664001,41.764,42.282001,17707500
05/10/2016,42.448002,42.630001,41.624001,41.692001,9387500
06/10/2016,40.492001,40.841999,40.042,40.200001,23517000
07/10/2016,40.200001,40.264,39.16,39.321999,17465000
10/10/2016,40.27,40.827999,39.931999,40.189999,16581500
11/10/2016,40.369999,40.439999,39.661999,40.02,11642000
12/10/2016,40.189999,40.776001,40.084,40.301998,9853500
13/10/2016,40.099998,40.18,39.41,40.048,12473000
14/10/2016,40.132,40.285999,39.259998,39.301998,21349500
17/10/2016,39.41,39.678001,38.400002,38.792,22770500
18/10/2016,39.198002,39.894001,38.652,39.82,28402500
19/10/2016,39.948002,41.332001,39.612,40.712002,34956000
20/10/2016,40.424,40.599998,39.41,39.82,25364500
21/10/2016,39.720001,40.313999,39.481998,40.018002,14717000
24/10/2016,40.200001,40.790001,40.049999,40.551998,13758000
25/10/2016,40.580002,40.938,40.240002,40.467999,12225000
26/10/2016,40.200001,40.638,40.02,40.448002,28164000
27/10/2016,42.268002,42.740002,40.330002,40.801998,65468500
28/10/2016,40.799999,41.063999,39.966,39.993999,21400500
31/10/2016,40.498001,40.498001,39.161999,39.546001,23461500
01/11/2016,39.608002,39.700001,37.622002,38.158001,35300000
02/11/2016,38.009998,38.540001,37.501999,37.604,21267000
03/11/2016,37.799999,38.293999,37.408001,37.484001,13265000
04/11/2016,37.799999,38.692001,37.192001,38.112,25730000
07/11/2016,38.717999,38.858002,38.009998,38.641998,19350500
08/11/2016,38.757999,39.498001,38.251999,38.987999,16338000
09/11/2016,37.375999,38.400002,36.790001,38.012001,40865500
10/11/2016,38.209999,38.321999,36.084,37.07,33751500
11/11/2016,36.848,37.776001,36.599998,37.712002,19942500
14/11/2016,37.599998,37.650002,35.638,36.290001,32761000
15/11/2016,36.556,37.285999,36.41,36.754002,19510000
16/11/2016,36.529999,36.945999,36.242001,36.785999,17172000
17/11/2016,36.698002,37.897999,36.422001,37.731998,24435500
18/11/2016,38.130001,38.599998,37,37.004002,26051500
21/11/2016,37.007999,37.778,36.882,36.903999,21805000
22/11/2016,37.167999,38.293999,36.742001,38.234001,28017000
23/11/2016,38.122002,39.127998,37.799999,38.627998,24459500
25/11/2016,38.728001,39.448002,38.728001,39.330002,11830500
28/11/2016,39.096001,39.869999,38.91,39.223999,22646000
29/11/2016,39.112,39.346001,37.900002,37.914001,22196500
30/11/2016,38.200001,38.377998,37.5,37.880001,17735500
01/12/2016,37.650002,37.706001,36.200001,36.375999,25632000
02/12/2016,36.576,36.976002,36,36.293999,20211500
05/12/2016,36.501999,37.778,36.501999,37.360001,20361000
06/12/2016,37.104,37.316002,36.535999,37.169998,16958000
07/12/2016,37.23,38.68,37,38.630001,27309500
08/12/2016,38.41,38.5,37.908001,38.458,15970500
09/12/2016,38.174,38.768002,38.161999,38.436001,13612500
12/12/2016,38.560001,38.883999,38.236,38.486,12194500
13/12/2016,38.636002,40.256001,38.599998,39.630001,34119500
14/12/2016,39.748001,40.599998,39.352001,39.737999,20754500
15/12/2016,39.681999,40.147999,39.478001,39.515999,16098000
16/12/2016,39.616001,40.518002,39.52,40.498001,18984500
19/12/2016,40.498001,40.889999,39.967999,40.546001,17440500
20/12/2016,40.610001,41.799999,40.5,41.757999,23445500
21/12/2016,41.689999,42.445999,41.481998,41.540001,26038000
22/12/2016,41.644001,41.998001,41.299999,41.689999,15555500
23/12/2016,41.599998,42.689999,41.542,42.667999,23352500
27/12/2016,42.976002,44.450001,42.883999,43.905998,29578500
28/12/2016,44.306,44.759998,43.439999,43.948002,18912500
29/12/2016,43.712002,43.84,42.824001,42.936001,20225000
30/12/2016,43.259998,43.5,42.335999,42.737999,23213000
03/01/2017,42.972,44.066002,42.192001,43.397999,29616500
04/01/2017,42.950001,45.599998,42.862,45.397999,56067500
05/01/2017,45.284,45.495998,44.389999,45.349998,29558500
06/01/2017,45.386002,46.062,45.09,45.801998,27639500
09/01/2017,45.793999,46.383999,45.599998,46.256001,19897500
10/01/2017,46.400002,46.400002,45.377998,45.973999,18300000
11/01/2017,45.813999,45.995998,45.335999,45.945999,18254000
12/01/2017,45.812,46.139999,45.116001,45.917999,18951000
13/01/2017,46,47.57,45.917999,47.549999,30465000
17/01/2017,47.34,47.992001,46.874001,47.116001,23087500
18/01/2017,47.330002,47.942001,47.116001,47.672001,18845000
19/01/2017,49.450001,49.736,48.150002,48.751999,38661500
20/01/2017,49.091999,49.200001,48.602001,48.945999,21021500
23/01/2017,49.169998,50.178001,49.099998,49.784,31314500
24/01/2017,50,50.959999,49.93,50.922001,24827500
25/01/2017,51.462002,51.692001,50.360001,50.894001,25713000
26/01/2017,50.858002,51.147999,50.150002,50.501999,15760500
27/01/2017,50.276001,50.599998,49.703999,50.59,15831500
30/01/2017,50.506001,51.057999,49.419998,50.125999,19005500
31/01/2017,49.848,51.178001,49.540001,50.386002,20580500
01/02/2017,50.610001,50.639999,49.810001,49.848,19794000
02/02/2017,49.667999,50.484001,49.542,50.310001,12499000
03/02/2017,50.382,50.436001,49.936001,50.265999,10933500
06/02/2017,50.200001,51.563999,50.125999,51.554001,17812500
07/02/2017,51.638,52,51.284,51.495998,21224000
08/02/2017,51.470001,52.672001,51.240002,52.416,19665000
09/02/2017,53.25,54.236,53.23,53.84,39101000
10/02/2017,53.958,54.189999,53.222,53.846001,18098500
13/02/2017,54.147999,56.158001,54.102001,56.119999,35148000
14/02/2017,55.806,57.478001,55.722,56.195999,36726000
15/02/2017,56,56.448002,55.287998,55.952,24739500
16/02/2017,55.52,56,53.700001,53.790001,35386500
17/02/2017,53.16,54.577999,52.830002,54.445999,31285500
21/02/2017,55.09,56.279999,54.801998,55.478001,28383500
22/02/2017,56.062,56.689999,54.52,54.702,43775000
23/02/2017,52.799999,52.931999,51.112,51.198002,74576000
24/02/2017,50.532001,51.650002,50.040001,51.400002,40858000
27/02/2017,49.633999,49.672001,48.402,49.245998,57304000
28/02/2017,48.838001,50.200001,48.779999,49.998001,30390500
01/03/2017,50.835999,50.970001,49.821999,50.004002,24047500
02/03/2017,49.942001,50.655998,49.653999,50.096001,16759000
03/03/2017,50.147999,50.380001,49.799999,50.313999,14597000
06/03/2017,49.582001,50.34,49.501999,50.242001,16777500
07/03/2017,50.383999,50.778,49.664001,49.717999,17297500
08/03/2017,49.400002,50.014,49.063999,49.374001,18626000
09/03/2017,49.526001,49.731998,48.599998,48.98,19396500
10/03/2017,49.242001,49.299999,48.599998,48.737999,15331500
13/03/2017,48.964001,49.369999,48.556,49.234001,15113000
14/03/2017,49.222,51.624001,49.203999,51.599998,37992000
15/03/2017,51.400002,52.200001,50.854,51.146,26654000
16/03/2017,52.48,53.150002,51.812,52.41,35661000
17/03/2017,52.799999,53.066002,52.240002,52.299999,32487500
20/03/2017,52.119999,52.91,51.764,52.383999,18071500
21/03/2017,52.566002,52.959999,50.048,50.136002,34543000
22/03/2017,50.312,51.014,50.102001,51.001999,20296500
23/03/2017,51.077999,51.534,50.66,50.956001,16601000
24/03/2017,51.139999,52.778,51.001999,52.632,28236500
27/03/2017,52.119999,54.113998,51.950001,54.043999,31154000
28/03/2017,55.403999,56.136002,55,55.490002,39938000
29/03/2017,55.667999,55.919998,55.108002,55.476002,18381000
30/03/2017,55.608002,56.400002,55.442001,55.584,20742000
31/03/2017,55.745998,55.936001,55.264,55.66,16473000
03/04/2017,57.380001,59.799999,56.916,59.703999,69443000
04/04/2017,59.377998,60.962002,58.905998,60.740002,50673000
05/04/2017,60.408001,60.976002,58.84,59,39404500
06/04/2017,59.375999,60.388,58.82,59.740002,27603000
07/04/2017,59.5,60.537998,59.43,60.507999,22898000
10/04/2017,61.830002,62.745998,61.742001,62.478001,38322500
11/04/2017,62.675999,62.694,61.099998,61.742001,28623000
12/04/2017,61.268002,61.689999,59.264,59.368,30253500
13/04/2017,59.34,61.478001,59.060001,60.799999,46423000
17/04/2017,60.540001,60.799999,59.736,60.287998,20693500
18/04/2017,59.939999,60.167999,59.580002,60.049999,15178500
19/04/2017,60.492001,61.324001,60.422001,61.104,19490000
20/04/2017,61.301998,61.830002,60.046001,60.501999,30747000
21/04/2017,60.400002,61.279999,60.084,61.119999,22549000
24/04/2017,61.844002,62.110001,61.203999,61.605999,25417500
25/04/2017,61.599998,62.796001,61.172001,62.757999,33688500
26/04/2017,62.473999,62.900002,61.799999,62.034,23475000
27/04/2017,62.338001,62.618,61.5,61.726002,17343000
28/04/2017,61.966,62.959999,61.599998,62.813999,22527500
01/05/2017,62.976002,65.449997,62.962002,64.566002,44148000
02/05/2017,64.800003,65.531998,63.312,63.778,26914000
03/05/2017,63.534,64.306,62.09,62.203999,35667000
04/05/2017,61.487999,61.554001,58.152,59.091999,70760000
05/05/2017,59.599998,61.709999,59.360001,61.669998,40886500
08/05/2017,62.18,62.757999,61.164001,61.438,35032500
09/05/2017,61.875999,64.398003,61.82,64.251999,48382500
10/05/2017,64.311996,65.099998,63.624001,65.043999,28708000
11/05/2017,64.68,65.199997,63.919998,64.620003,23769000
12/05/2017,65.096001,65.400002,64.306,64.961998,20608000
15/05/2017,63.675999,64.040001,62.506001,63.175999,38110000
16/05/2017,63.518002,64.012001,63.028,63.402,20762500
17/05/2017,62.877998,62.925999,61.099998,61.222,33559500
18/05/2017,61.400002,62.787998,61.062,62.612,28269000
19/05/2017,63.099998,63.299999,62.040001,62.166,23438000
22/05/2017,62.560001,62.874001,61.360001,62.07,21646000
23/05/2017,62.091999,62.146,60.695999,60.771999,21592000
24/05/2017,61.301998,62.200001,61.080002,62.043999,25166500
25/05/2017,62.203999,63.394001,61.562,63.366001,25070000
26/05/2017,63.456001,65.098,63.262001,65.028,39011000
30/05/2017,65.199997,67.255997,65.152,67.019997,38914500
31/05/2017,67.538002,68.578003,67.031998,68.202003,49817000
01/06/2017,68.800003,68.975998,67.458,68.073997,38040000
02/06/2017,67.954002,68.575996,67.185997,67.970001,27951000
05/06/2017,67.699997,69.688004,66.842003,69.463997,33922000
06/06/2017,68.940002,71.898003,67.994003,70.57,55434000
07/06/2017,71.267998,72.099998,71.028,71.93,46990000
08/06/2017,72.75,74.379997,72.043999,74,45307500
09/06/2017,74.884003,75.374001,70.959999,71.463997,86307000
12/06/2017,71.598,72.900002,70.124001,71.802002,52588500
13/06/2017,73.524002,75.199997,73.321999,75.190002,59039500
14/06/2017,76.218002,76.849998,75.262001,76.132004,64092000
15/06/2017,74.5,75.092003,73.297997,75.068001,52132500
16/06/2017,75.596001,75.601997,74.019997,74.279999,33655000
19/06/2017,75,75.339996,73.559998,73.959999,32746500
20/06/2017,75.334,75.776001,73.945999,74.447998,37193500
21/06/2017,74.870003,75.398003,73.603996,75.279999,24616000
22/06/2017,75.598,77,74.713997,76.522003,37649000
23/06/2017,76.489998,77.398003,75.870003,76.690002,32229000
26/06/2017,77.337997,77.389999,74.620003,75.498001,33020500
27/06/2017,75.279999,75.279999,72.403999,72.473999,34982000
28/06/2017,73.335999,74.348,72.503998,74.248001,31512500
29/06/2017,74.122002,74.199997,70.82,72.150002,41105000
30/06/2017,72.741997,73.353996,71.924004,72.321999,29242500
03/07/2017,74.047997,74.269997,70.300003,70.524002,31527000
05/07/2017,69.440002,69.447998,65.265999,65.417999,85233500
06/07/2017,63.452,64.157997,61.259998,61.765999,96622500
07/07/2017,62.700001,63.400002,61.476002,62.644001,70884500
10/07/2017,62.580002,63.588001,60.625999,63.209999,69104500
11/07/2017,63.200001,65.456001,62.860001,65.444,57797000
12/07/2017,66.080002,66.620003,64.900002,65.903999,51730500
13/07/2017,66.022003,66.32,63.993999,64.681999,42972500
14/07/2017,64.638,65.683998,64.244003,65.556,28126000
17/07/2017,65.108002,65.419998,62.689999,63.914001,49384500
18/07/2017,63.5,65.825996,63.132,65.648003,31868500
19/07/2017,65.646004,66.330002,64.643997,65.052002,31785000
20/07/2017,65.379997,66.043999,64.839996,65.984001,25831000
21/07/2017,65.891998,66.251999,65.160004,65.68,24508000
24/07/2017,66.047997,68.68,66.001999,68.503998,43185500
25/07/2017,69,69.120003,66.830002,67.919998,34946000
26/07/2017,68.071999,69.099998,67.624001,68.769997,24104000
27/07/2017,69.199997,69.5,65.258003,66.891998,41512000
28/07/2017,67.377998,67.919998,66.501999,67.014,24402000
31/07/2017,67.099998,68.297997,64.208,64.694,42675500
01/08/2017,64.599998,64.889999,63.226002,63.914001,41515500
02/08/2017,63.787998,65.424004,62.243999,65.178001,65457500
03/08/2017,69.066002,70,68.629997,69.417999,67675000
04/08/2017,69.400002,71.454002,68.660004,71.382004,46344500
07/08/2017,71.470001,71.896004,70.550003,71.033997,31622500
08/08/2017,71.505997,73.716003,71.480003,73.043999,37249000
09/08/2017,72.199997,74,71.790001,72.706001,34460500
10/08/2017,72.32,73.330002,70.931999,71.080002,35464500
11/08/2017,71.393997,72.251999,70.723999,71.573997,21829000
14/08/2017,72.926003,73.531998,72.519997,72.760002,22596000
15/08/2017,73.040001,73.098,71.874001,72.466003,15425500
16/08/2017,72.599998,73.300003,72.503998,72.582001,17069000
17/08/2017,72.241997,72.660004,70.318001,70.384003,25138500
18/08/2017,70.582001,70.800003,69.160004,69.491997,27041000
21/08/2017,69.164001,69.164001,66.370003,67.571999,32477000
22/08/2017,68.225998,68.447998,67.473999,68.269997,21610000
23/08/2017,67.797997,70.697998,67.660004,70.554001,24772500
24/08/2017,70.503998,71.332001,69.947998,70.585999,22923500
25/08/2017,70.848,71.138,69.459999,69.610001,17420000
28/08/2017,69.456001,69.470001,67.944,69.132004,18820000
29/08/2017,67.896004,69.809998,67.75,69.472,20368500
30/08/2017,69.933998,70.694,69.400002,70.636002,17064500
31/08/2017,70.709999,71.688004,70.564003,71.18,20364000
01/09/2017,71.223999,71.517998,70.737999,71.080002,15247500
05/09/2017,70.760002,71.098,69.178001,69.917999,19175500
06/09/2017,69.900002,70.195999,68.311996,68.905998,20457000
07/09/2017,69.195999,70.496002,68.690002,70.122002,21196000
08/09/2017,69.797997,69.956001,68.459999,68.68,16317500
11/09/2017,70.269997,72.741997,70,72.737999,38335500
12/09/2017,72.898003,73.751999,72.080002,72.550003,29864500
13/09/2017,72.764,73.613998,71.917999,73.246002,20926000
14/09/2017,72.865997,75.592003,72.526001,75.528,36012500
15/09/2017,74.902,76,74.540001,75.961998,27102500
18/09/2017,76.050003,77.921997,75.536003,77,35940000
19/09/2017,76,76.477997,74.713997,75.019997,32259500
20/09/2017,74.599998,75.650002,74.213997,74.781998,24595500
21/09/2017,74.980003,75.365997,72.902,73.295998,23091000
22/09/2017,73.297997,73.980003,70.176003,70.218002,40797000
25/09/2017,70.629997,71.494003,68.575996,68.998001,38029500
26/09/2017,70.185997,70.248001,68.18,69.050003,35781500
27/09/2017,69.980003,70.297997,68.099998,68.194,30301500
28/09/2017,67.975998,68.550003,67.080002,67.919998,26598000
29/09/2017,68.372002,68.935997,67.720001,68.220001,25535500
02/10/2017,68.503998,68.739998,67.101997,68.306,26434000
03/10/2017,67.18,69.709999,66.255997,69.627998,50768000
04/10/2017,70.25,71.723999,69.919998,71.001999,40817500
05/10/2017,71.199997,71.487999,70.269997,71.066002,20858500
06/10/2017,70.620003,72.019997,70.449997,71.375999,21487500
09/10/2017,69.93,70.349998,68.533997,68.587997,37468500
10/10/2017,69.360001,71.125999,69.106003,71.117996,34892500
11/10/2017,70.778,71.519997,70.230003,70.919998,22504000
12/10/2017,70.589996,71.956001,70.528,71.136002,20435000
13/10/2017,71.396004,71.697998,70.736,71.113998,17702500
16/10/2017,70.751999,70.896004,69.431999,70.120003,26877500
17/10/2017,70.181999,71.244003,70.014,71.150002,16466500
18/10/2017,71.194,72.599998,70.825996,71.93,24695500
19/10/2017,71.112,71.43,69.639999,70.362,25309000
20/10/2017,70.538002,70.910004,68.867996,69.019997,24652000
23/10/2017,69.975998,69.989998,67.25,67.403999,28736500
24/10/2017,67.760002,68.559998,67.232002,67.468002,22458500
25/10/2017,67.339996,67.5,64.711998,65.167999,42970500
26/10/2017,65.556,66.045998,64.639999,65.234001,25117500
27/10/2017,63.950001,64.917999,63.332001,64.174004,34898500
30/10/2017,63.835999,64.755997,63.450001,64.015999,21272000
31/10/2017,64.045998,66.389999,64.036003,66.306,28361500
01/11/2017,66.449997,66.522003,64.052002,64.216003,42286500
02/11/2017,60.026001,61.737999,58.526001,59.852001,98957000
03/11/2017,59.900002,61.25,59.026001,61.217999,44470000
06/11/2017,61.400002,61.5,59.801998,60.556,32430000
07/11/2017,60.203999,61.299999,60.006001,61.209999,26471500
08/11/2017,61.099998,61.377998,60.259998,60.877998,23626500
09/11/2017,60.5,60.891998,59.259998,60.598,27235500
10/11/2017,60.5,61.672001,60.369999,60.598,23127000
13/11/2017,60.026001,63.360001,59.821999,63.080002,37924500
14/11/2017,63,63.27,61.380001,61.740002,28380500
15/11/2017,61.202,62.498001,60.299999,62.259998,29893500
16/11/2017,62.798,63.627998,62.259998,62.5,29110500
17/11/2017,65.134003,65.334,62.630001,63.009998,68675500
20/11/2017,62.757999,63.099998,60.950001,61.748001,41238500
21/11/2017,62.172001,63.646,61.742001,63.562,36306500
22/11/2017,63.354,63.484001,62.368,62.52,24588000
24/11/2017,62.757999,63.282001,62.200001,63.110001,16220500
27/11/2017,62.650002,63.467999,61.902,63.362,22779500
28/11/2017,63.271999,64,62.784,63.509998,24747500
29/11/2017,63.459999,63.599998,60.245998,61.507999,43837000
30/11/2017,61.712002,62.139999,60.908001,61.77,21758000
01/12/2017,61.088001,62.063999,61.009998,61.306,21464500
04/12/2017,61.299999,61.653999,60.122002,61.040001,29175500
05/12/2017,60.400002,61.599998,60.200001,60.740002,23232500
06/12/2017,60.02,62.678001,60,62.652,35976500
07/12/2017,62.400002,63.726002,62.209999,62.248001,23903000
08/12/2017,62.919998,63.396,62.251999,63.026001,17342500
11/12/2017,62.925999,65.802002,62.75,65.781998,39690000
12/12/2017,66.089996,68.288002,66.005997,68.206001,43666000
13/12/2017,68.185997,68.844002,67.300003,67.806,31107500
14/12/2017,68.202003,69.487999,67.379997,67.578003,28999500
15/12/2017,68.407997,68.779999,67.152,68.690002,34666000
18/12/2017,68.980003,69.346001,67.515999,67.774002,27381000
19/12/2017,68.052002,68.297997,66.059998,66.220001,34125000
20/12/2017,66.538002,66.620003,65.008003,65.795998,29769000
21/12/2017,65.917999,66.748001,65.442001,66.332001,21926000
22/12/2017,65.902,66.183998,64.963997,65.040001,21079000
26/12/2017,64.765999,64.788002,63.316002,63.458,21892000
27/12/2017,63.200001,63.535999,62.150002,62.327999,23560500
28/12/2017,62.349998,63.164001,61.908001,63.071999,21581500
29/12/2017,63.236,63.282001,62,62.27,18886000
02/01/2018,62.400002,64.421997,62.200001,64.106003,21761000
03/01/2018,64.199997,65.050003,63.110001,63.450001,22607500
04/01/2018,62.574001,63.709999,61.136002,62.924,49731500
05/01/2018,63.324001,63.448002,62.400002,63.316002,22956000
08/01/2018,63.200001,67.403999,63.099998,67.281998,49297000
09/01/2018,67.031998,67.760002,65.480003,66.737999,35733000
10/01/2018,66.440002,67.400002,66,66.959999,21549500
11/01/2018,67.047997,68.961998,66.652,67.589996,33227500
12/01/2018,67.725998,68.082001,66.734001,67.244003,24125500
16/01/2018,67.508003,69,66.959999,68.012001,32371500
17/01/2018,68.094002,69.800003,67.949997,69.431999,35517500
18/01/2018,69.134003,70.459999,68.748001,68.914001,28429000
19/01/2018,69,70.117996,68.519997,70.003998,24441500
22/01/2018,69.879997,71.566002,69.839996,70.311996,31052000
23/01/2018,72,72.099998,70.199997,70.557999,27327000
24/01/2018,70.916,70.949997,68.704002,69.178001,26437500
25/01/2018,69.653999,69.839996,67.279999,67.528,33701500
26/01/2018,68.300003,68.800003,67.141998,68.57,22697000
29/01/2018,67.970001,70.169998,67.655998,69.905998,23735500
30/01/2018,69.028,69.653999,68.433998,69.164001,23588500
31/01/2018,69.501999,71.237999,69.038002,70.862,31070500
01/02/2018,70.199997,71.931999,69.725998,69.849998,20988500
02/02/2018,69.688004,70.389999,68.101997,68.75,18524000
05/02/2018,67.594002,68.893997,66.599998,66.625999,22320500
06/02/2018,65.042,67.244003,64.699997,66.793999,25442000
07/02/2018,67.797997,69.199997,67.132004,69,34846000
08/02/2018,68.662003,69.723999,62.919998,63.046001,51573000
09/02/2018,63.986,64.195999,58.952,62.084,64668500
12/02/2018,63.226002,63.616001,61.25,63.146,31139000
13/02/2018,63.004002,64.837997,62.501999,64.732002,22801000
14/02/2018,64.167999,65.234001,63.703999,64.461998,19753500
15/02/2018,64.900002,66.823997,64.480003,66.814003,29564500
16/02/2018,66.5,68.624001,66.328003,67.098,28213000
20/02/2018,66.893997,68.167999,66.300003,66.954002,20047000
21/02/2018,67.206001,67.938004,66.634003,66.660004,16098000
22/02/2018,67.106003,69.487999,66.949997,69.234001,34849000
23/02/2018,69.566002,70.998001,69.419998,70.410004,29087000
26/02/2018,70.699997,71.800003,70.472,71.484001,21700000
27/02/2018,71.25,71.998001,70.001999,70.197998,23987000
28/02/2018,70.514,71.047997,68.444,68.612,30348500
01/03/2018,69.001999,69.734001,66.014,66.185997,34428000
02/03/2018,65.396004,67.043999,64.594002,67.024002,25464000
05/03/2018,66.477997,67.550003,65.858002,66.669998,19119000
06/03/2018,66.75,67.274002,65.405998,65.639999,21428500
07/03/2018,65.087997,66.5,64.348,66.459999,25036500
08/03/2018,66.571999,66.660004,65.253998,65.82,17831000
09/03/2018,64.82,65.697998,64.473999,65.433998,27534000
12/03/2018,65.722,69.442001,65.300003,69.101997,41320000
13/03/2018,65.722,69.442001,65.300003,68.367996,29829000
14/03/2018,67.351997,67.961998,64.786003,65.325996,39837000
15/03/2018,65.875999,66.57,64.220001,65.120003,32824000
16/03/2018,64.585999,65.480003,63.813999,64.269997,30586500
19/03/2018,63.299999,64.150002,61.933998,62.712002,37421500
20/03/2018,62.973999,63.25,61.751999,62.110001,23821500
21/03/2018,62.049999,64.487999,62.037998,63.306,29792000
22/03/2018,62.778,63.764,61.636002,61.82,24699000
23/03/2018,62.25,62.25,60.09,60.307999,33274500
26/03/2018,61.467999,61.518002,58.271999,60.835999,41876000
27/03/2018,60.799999,60.854,55.436001,55.835999,69360000
28/03/2018,52.916,53.736,50.419998,51.556,105007000
29/03/2018,51.298,54.192001,49.641998,53.226002,75853500
02/04/2018,51.251999,52.066002,48.917999,50.495998,80570000
03/04/2018,53.964001,54.669998,50.897999,53.506001,94222000
04/04/2018,50.556,57.674,50.400002,57.388,99483500
05/04/2018,57.868,61.251999,57.639999,61.144001,95605500
06/04/2018,60.200001,61.855999,59.099998,59.860001,67601500
09/04/2018,60.074001,61.900002,57.841999,57.931999,51249000
10/04/2018,59.793999,61.419998,58.736,60.939999,54949000
11/04/2018,60.147999,61.796001,59.931999,60.186001,37414500
12/04/2018,60.464001,60.790001,58.736,58.816002,38044000
13/04/2018,60.720001,60.790001,59.195999,60.068001,36636000
16/04/2018,59.799999,59.931999,57.801998,58.242001,31692500
17/04/2018,57.773998,58.433998,56.501999,57.537998,35000000
18/04/2018,58.216,60.048,57.632,58.669998,32788500
19/04/2018,58.216,60.202,57.709999,60.015999,30453000
20/04/2018,59.034,59.995998,57.950001,58.048,28139500
23/04/2018,58.257999,58.324001,56.466,56.674,24467000
24/04/2018,57,57.417999,55.692001,56.692001,28426500
25/04/2018,56.700001,57.032001,55.450001,56.138,20068000
26/04/2018,55.75,57.158001,55.299999,57.096001,21780000
27/04/2018,57.074001,58.894001,56.765999,58.816002,21823000
30/04/2018,58.722,59.745998,58.5,58.779999,21141000
01/05/2018,58.702,60.164001,58.644001,59.984001,23128000
02/05/2018,59.714001,61.369999,59.556,60.23,44852000
03/05/2018,55.757999,57.608002,55.046001,56.889999,86760500
04/05/2018,56.599998,59.372002,55.903999,58.818001,42847000
07/05/2018,59.5,61.192001,59.034,60.554001,43391000
08/05/2018,60.16,61.549999,59.799999,60.394001,29650000
09/05/2018,60.082001,61.402,60.009998,61.369999,28637000
10/05/2018,61.5,62.598,60.821999,61.004002,28258000
11/05/2018,61.540001,61.776001,59.816002,60.212002,23398000
14/05/2018,60.664001,60.987999,58.324001,58.394001,36434000
15/05/2018,57.001999,57.391998,56.099998,56.835999,47596000
16/05/2018,56.765999,57.762001,56.312,57.296001,28370000
17/05/2018,57.18,57.838001,56.793999,56.908001,22103000
18/05/2018,56.93,56.93,54.799999,55.363998,36259500
21/05/2018,56.265999,58.298,56.259998,56.897999,45913000
22/05/2018,57.551998,57.599998,54.683998,55.001999,44729000
23/05/2018,55.551998,55.981998,54.799999,55.813999,29925500
24/05/2018,55.68,56.222,54.978001,55.57,20883500
25/05/2018,55.526001,55.928001,55.122002,55.77,19375500
29/05/2018,55.702,57.299999,55.23,56.751999,28333000
30/05/2018,56.658001,59.001999,56.32,58.344002,37448500
31/05/2018,57.442001,58.074001,56.585999,56.945999,29598500
01/06/2018,57.172001,58.389999,56.768002,58.363998,27122000
04/06/2018,58.868,59.799999,58.709999,59.348,23989000
05/06/2018,59.540001,59.560001,57.348,58.226002,29976000
06/06/2018,60.099998,64.433998,59.495998,63.900002,93836500
07/06/2018,63.23,66,62.716,63.217999,71726500
08/06/2018,63.799999,64.896004,63.43,63.532001,41026000
11/06/2018,64.501999,66.931999,64.5,66.419998,65917500
12/06/2018,68.940002,70.994003,67.599998,68.554001,111737000
13/06/2018,69.342003,69.440002,67.959999,68.956001,47349000
14/06/2018,69.526001,71.75,69.32,71.543999,54905000
15/06/2018,70.767998,72.933998,70.25,71.634003,54241500
18/06/2018,71.080002,74.746002,70.900002,74.166,60366000
19/06/2018,73.031998,74,69.25,70.510002,63809500
20/06/2018,71.608002,72.875999,70.400002,72.444,41918500
21/06/2018,72.400002,73.241997,69.253998,69.501999,39835500
22/06/2018,70.307999,70.449997,66.400002,66.725998,51330500
25/06/2018,66.024002,67.694,65.5,66.601997,34656500
26/06/2018,67.209999,68.709999,65.160004,68.400002,37262500
27/06/2018,69,70.157997,67.900002,68.900002,41668500
28/06/2018,69.732002,71.403999,69.222,69.986,41990000
29/06/2018,70.666,70.772003,68.482002,68.589996,32462000
02/07/2018,72.014,72.956001,65.970001,67.014,93799000
03/07/2018,66.349998,66.498001,61.938,62.172001,61413000
05/07/2018,62.751999,62.877998,59.243999,61.832001,87382000
06/07/2018,60.990002,62.414001,60.400002,61.779999,44327500
09/07/2018,62.397999,63.703999,61.599998,63.702,37984000
10/07/2018,64.912003,65.536003,63.84,64.494003,47357500
11/07/2018,63.16,64.388,63.014,63.792,24420500
12/07/2018,64.286003,64.646004,62.554001,63.341999,28606000
13/07/2018,63.116001,63.916,61.849998,63.773998,29349000
16/07/2018,62.341999,63.032001,61.25,62.02,39093500
17/07/2018,61.762001,64.947998,61.700001,64.538002,34981000
18/07/2018,65,65.099998,63.25,64.769997,28121000
19/07/2018,63.265999,64.708,62.801998,64.045998,29576500
20/07/2018,64.246002,64.648003,62.341999,62.716,25811000
23/07/2018,60.368,61.099998,58.571999,60.639999,54964500
24/07/2018,60.883999,61.543999,58.509998,59.486,47954000
25/07/2018,59.348,61.924,58.900002,61.748001,35377000
26/07/2018,60.970001,62.139999,60.728001,61.330002,23152500
27/07/2018,61.450001,61.537998,59.068001,59.436001,28516500
30/07/2018,59.18,59.220001,57.226002,58.034,34070500
31/07/2018,58.450001,59.664001,57.813999,59.627998,25384500
01/08/2018,59.598,60.599998,58.599998,60.167999,50647000
02/08/2018,65.688004,69.998001,64.632004,69.907997,116075000
03/08/2018,69.561996,71,68.505997,69.634003,68282500
06/08/2018,69.092003,70.996002,68.363998,68.398003,42821500
07/08/2018,68.767998,77.491997,67.830002,75.914001,154379000
08/08/2018,73.818001,76.528,73.424004,74.068001,122856000
09/08/2018,73.110001,73.402,69.146004,70.489998,85919000
10/08/2018,70.800003,72,69.199997,71.098,57760000
13/08/2018,72.225998,72.638,69.804001,71.281998,52319500
14/08/2018,71.690002,71.839996,69.419998,69.528,34932000
15/08/2018,68.382004,68.898003,66.428001,67.737999,45506500
16/08/2018,67.982002,68.456001,66.764,67.089996,30320000
17/08/2018,64.699997,65.353996,60.706001,61.099998,94793000
20/08/2018,58.34,61.700001,57.639999,61.688,87011500
21/08/2018,62.122002,64.958,61.799999,64.379997,65861000
22/08/2018,64.174004,64.776001,62.933998,64.328003,29730000
23/08/2018,63.827999,65.463997,63.619999,64.019997,25736500
24/08/2018,64.139999,64.769997,63.880001,64.564003,18013000
27/08/2018,63.599998,64.487999,61.762001,63.854,65396500
28/08/2018,63.681999,63.776001,62.237999,62.372002,38245500
29/08/2018,62.054001,62.369999,60.737999,61.001999,37237000
30/08/2018,60.452,60.919998,59.543999,60.630001,36083500
31/08/2018,60.400002,61.062,59.720001,60.332001,26875500
04/09/2018,59.388,59.638,57.599998,57.790001,41752500
05/09/2018,57.009998,57.355999,55.436001,56.147999,38604000
06/09/2018,56.959999,58.234001,55.776001,56.189999,37404000
07/09/2018,52.02,53.669998,50.450001,52.647999,112459500
10/09/2018,54.652,57.206001,54.200001,57.099998,71417500
11/09/2018,55.894001,56.400002,54.709999,55.888,45850000
12/09/2018,56.287998,58.5,55.73,58.108002,50077000
13/09/2018,57.604,59,57.035999,57.891998,31701500
14/09/2018,57.751999,59.466,57.304001,59.040001,33828000
17/09/2018,58.007999,60.174,57.625999,58.967999,34438000
18/09/2018,59.338001,60.528,55.099998,56.992001,82737500
19/09/2018,56.102001,60,56.099998,59.804001,41474500
20/09/2018,60.712002,61.195999,58.666,59.666,36747000
21/09/2018,59.540001,60.116001,59.074001,59.82,25252500
24/09/2018,59.695999,60.599998,58.716,59.936001,24215000
25/09/2018,60,60.919998,59.299999,60.198002,22408500
26/09/2018,60.382,62.778,60.222,61.916,39216000
27/09/2018,62.580002,62.992001,61.382,61.504002,42545500
28/09/2018,54.051998,55.599998,52.112,52.953999,168248500
01/10/2018,61.153999,62.287998,60.209999,62.139999,108888000
02/10/2018,62.790001,63.368,59.830002,60.203999,58717500
03/10/2018,60.666,60.919998,58.313999,58.959999,39975000
04/10/2018,58.790001,58.799999,55.534,56.366001,49071000
05/10/2018,54.93,54.976002,52,52.389999,89722500
08/10/2018,52.903999,53.551998,49.799999,50.112,67363500
09/10/2018,51.049999,53.354,50.66,52.560001,60303000
10/10/2018,52.922001,53.102001,49.554001,51.375999,64076500
11/10/2018,51.506001,52.450001,49.806,50.445999,40838500
12/10/2018,52.200001,52.397999,50.402,51.756001,36007000
15/10/2018,51.812,52.655998,50.908001,51.917999,31000000
16/10/2018,53.139999,55.476002,52.448002,55.318001,47632000
17/10/2018,56.48,56.540001,53.16,54.355999,43277500
18/10/2018,53.858002,54.200001,52.599998,52.782001,27106000
19/10/2018,53.478001,53.931999,50.700001,52,46877500
22/10/2018,52.136002,52.372002,50.518002,52.189999,28001500
23/10/2018,52.773998,59.585999,52.419998,58.827999,95139000
24/10/2018,60.209999,60.888,57.146,57.700001,100291500
25/10/2018,63.444,64.199997,60.202,62.972,104203500
26/10/2018,61.650002,67.980003,61.330002,66.18,137127500
29/10/2018,67.494003,69.431999,65.300003,66.970001,72430000
30/10/2018,65.678001,67.580002,64.452003,65.980003,45633500
31/10/2018,66.508003,68.400002,65.82,67.463997,38121500
01/11/2018,67.652,69.568001,66.945999,68.856003,40000500
02/11/2018,68.748001,69.839996,68.181999,69.281998,39040000
05/11/2018,68.099998,68.792,66.028,68.279999,39155000
06/11/2018,67.814003,69.760002,67.218002,68.211998,33814500
07/11/2018,68.667999,70.236,68.160004,69.632004,36872500
08/11/2018,69.699997,71.515999,69.688004,70.279999,35453500
09/11/2018,69.800003,70.800003,69.045998,70.101997,25494000
12/11/2018,69.674004,69.956001,66.068001,66.255997,34707500
13/11/2018,66.632004,68.940002,66.440002,67.746002,27243000
14/11/2018,68.540001,69.421997,67.43,68.800003,25201500
15/11/2018,68.466003,69.716003,67.807999,69.688004,23128500
16/11/2018,69.038002,71.139999,69.024002,70.862,36031000
19/11/2018,71.267998,73.349998,70.575996,70.694,48544500
20/11/2018,68.349998,69.959999,66.709999,69.498001,40023500
21/11/2018,70.400002,70.620003,67.480003,67.638,23434000
23/11/2018,66.870003,67.5,65.110001,65.166,21013000
26/11/2018,65,69.244003,65,69.199997,39960500
27/11/2018,68.010002,69.391998,67.099998,68.783997,31791500
28/11/2018,69.197998,69.655998,68.442001,69.573997,20638000
29/11/2018,69.400002,69.5,67.910004,68.234001,15403500
30/11/2018,68.365997,70.32,67.652,70.096001,28145500
03/12/2018,72,73.199997,70.400002,71.697998,41532500
04/12/2018,71.209999,73.736,70.400002,71.940002,42309500
06/12/2018,71.202003,73.475998,70.152,72.612,39212500
07/12/2018,73.800003,75.898003,71.529999,71.594002,57556000
10/12/2018,72,73.195999,70.624001,73.029999,33067500
11/12/2018,73.982002,74.433998,72.045998,73.351997,31544000
12/12/2018,73.884003,74.382004,73.031998,73.32,25135000
13/12/2018,74.029999,75.487999,73.349998,75.358002,36829500
14/12/2018,75,75.573997,72.865997,73.141998,31688000
17/12/2018,72.400002,73.139999,68.776001,69.683998,38370000
18/12/2018,70.108002,70.309998,66.737999,67.405998,35500000
19/12/2018,67.519997,69.402,65.947998,66.594002,41371000
20/12/2018,65.410004,66.057999,62.374001,63.076,45359500
21/12/2018,63.48,64.694,62.487999,63.953999,40084000
24/12/2018,62.700001,62.900002,59.040001,59.077999,27799500
26/12/2018,60,65.393997,58.818001,65.218002,40815500
27/12/2018,63.967999,64.433998,60.299999,63.226002,42875500
28/12/2018,64.620003,67.248001,63.681999,66.774002,49695000
31/12/2018,67.557999,67.842003,65.052002,66.559998,31511500
02/01/2019,61.220001,63.026001,59.759998,62.023998,58293000
03/01/2019,61.400002,61.880001,59.476002,60.071999,34826000
04/01/2019,61.200001,63.599998,60.546001,63.537998,36970500
07/01/2019,64.344002,67.348,63.549999,66.991997,37756000
08/01/2019,68.391998,68.802002,65.403999,67.07,35042500
09/01/2019,67.099998,68.699997,66.293999,67.706001,27164500
10/01/2019,66.879997,69.078003,66.358002,68.994003,30282000
11/01/2019,68.417999,69.681999,67.753998,69.452003,25195500
14/01/2019,68.475998,68.5,66.800003,66.879997,26236500
15/01/2019,67,69.760002,66.900002,68.886002,30283000
16/01/2019,68.956001,70.400002,68.699997,69.209999,23458500
17/01/2019,69.241997,70.300003,68.830002,69.461998,18383500
18/01/2019,64.599998,65.426003,59.945999,60.452,120754000
22/01/2019,60.964001,61.599998,59.099998,59.784,60333500
23/01/2019,58.5,58.900002,56.338001,57.518002,62650000
24/01/2019,56.605999,58.736,55.855999,58.301998,40061000
25/01/2019,58.877998,59.703999,57.91,59.408001,36248000
28/01/2019,58.582001,59.492001,57.549999,59.276001,32116500
29/01/2019,59.054001,59.712002,58.360001,59.492001,23108500
30/01/2019,60.09,61.799999,59.698002,61.754002,56251500
31/01/2019,60.200001,62.312,58.799999,61.403999,62846000
01/02/2019,61.084,63.220001,60.700001,62.442001,36417000
04/02/2019,62.596001,63.060001,60.375999,62.577999,36760500
05/02/2019,62.498001,64.487999,62.450001,64.269997,33714000
06/02/2019,63.917999,64.848,63.124001,63.444,25192500
07/02/2019,62.66,62.939999,60.599998,61.501999,32603000
08/02/2019,61.366001,61.490002,59.700001,61.16,29221000
11/02/2019,62.32,63.720001,62.099998,62.568001,35648500
12/02/2019,63.240002,63.638,61.924,62.362,27588000
13/02/2019,62.470001,62.549999,61.113998,61.633999,25708000
14/02/2019,60.675999,61.354,60.200001,60.754002,26004000
15/02/2019,60.900002,61.599998,60.779999,61.576,19524500
19/02/2019,61.312,62.307999,61.094002,61.127998,20842000
20/02/2019,60.882,61.259998,59.799999,60.512001,35710500
21/02/2019,60.362,60.647999,58.099998,58.245998,44546000
22/02/2019,58.897999,59.299999,58.419998,58.942001,28703000
25/02/2019,59.582001,60.580002,59.400002,59.754002,33132500
26/02/2019,58.444,60.402,57.754002,59.571999,42912500
27/02/2019,60.355999,63.259998,60.110001,62.948002,55919500
28/02/2019,63.784,64,62.161999,63.976002,52603500
01/03/2019,61.388,61.425999,58.380001,58.958,114557000
04/03/2019,59.624001,59.799999,56.556,57.071999,85484000
05/03/2019,56.400002,56.799999,54.02,55.307999,93823500
06/03/2019,55.296001,56.301998,54.877998,55.248001,51677500
07/03/2019,55.768002,56.939999,54.849998,55.318001,47212500
08/03/2019,55.382,57.118,55.178001,56.827999,44098000
11/03/2019,56.703999,58.256001,56.099998,58.183998,36961500
12/03/2019,57.298,57.613998,56.212002,56.672001,37520500
13/03/2019,56.779999,58.397999,56.540001,57.792,34223500
14/03/2019,58.490002,59.077999,57.658001,57.992001,35517000
15/03/2019,56.702,56.743999,54.880001,55.085999,73927500
18/03/2019,55.200001,55.610001,53.459999,53.897999,51405000
19/03/2019,53.5,54.66,52.692001,53.493999,59003000
20/03/2019,53.938,54.993999,53.259998,54.720001,34541000
21/03/2019,54.52,55.290001,53.689999,54.804001,29735500
22/03/2019,54.515999,54.560001,52.799999,52.905998,43728000
25/03/2019,51.942001,52.636002,50.891998,52.084,51075000
26/03/2019,52.888,54.051998,52.886002,53.554001,36754500
27/03/2019,53.75,55.074001,53.636002,54.966,43896000
28/03/2019,55.431999,56.066002,55.02,55.723999,33870500
29/03/2019,55.740002,56.032001,54.900002,55.972,29956500
01/04/2019,56.523998,57.84,56.256001,57.835999,40552000
02/04/2019,57.66,57.888,56.776001,57.175999,27394500
03/04/2019,57.464001,59.234001,57.433998,58.362,39597000
04/04/2019,52.377998,54.240002,52.118,53.556,118603500
05/04/2019,53.972,55.220001,53.222,54.992001,65191500
08/04/2019,55.537998,56.231998,54.088001,54.639999,52052000
09/04/2019,54.330002,55,53.922001,54.462002,29520000
10/04/2019,55.348,55.675999,54.577999,55.212002,35306500
11/04/2019,53.66,54.099998,53.119999,53.683998,49179500
12/04/2019,54.043999,54.389999,53.366001,53.540001,33730000
15/04/2019,53.726002,53.776001,51.726002,53.276001,50193000
16/04/2019,53.150002,55,52.944,54.672001,36364500
17/04/2019,54.950001,54.958,53.708,54.245998,25632500
18/04/2019,54.245998,54.967999,53.950001,54.652,29381500
22/04/2019,53.799999,53.936001,52.495998,52.549999,60735500
23/04/2019,52.029999,53.119999,51.150002,52.779999,54719500
24/04/2019,52.77,53.063999,51.599998,51.731998,53637500
25/04/2019,51,51.799999,49.214001,49.526001,109247000
26/04/2019,49.299999,49.335999,46.226002,47.028,111803500
29/04/2019,47.172001,48.796001,46.433998,48.293999,83572500
30/04/2019,48.411999,48.841999,47.400002,47.737999,47323000
01/05/2019,47.77,48,46.299999,46.801998,53522000
02/05/2019,49.104,49.425999,47.543999,48.82,90796500
03/05/2019,48.771999,51.321999,48.698002,51.006001,118534000
06/05/2019,50.004002,51.669998,49.700001,51.068001,54169500
07/05/2019,51.360001,51.442001,49.02,49.411999,50657000
08/05/2019,49.388,50.119999,48.84,48.967999,30882000
09/05/2019,48.400002,48.736,47.388,48.396,33557000
10/05/2019,47.950001,48.397999,47.203999,47.903999,35041500
13/05/2019,46.402,46.493999,44.900002,45.402,54174000
14/05/2019,45.860001,46.900002,45.599998,46.462002,36262000
15/05/2019,45.863998,46.487999,45.049999,46.389999,36480000
16/05/2019,45.897999,46.200001,45.299999,45.666,37416500
17/05/2019,44.391998,44.448002,41.784,42.206001,88933500
20/05/2019,40.560001,41.200001,39.049999,41.071999,102631000
21/05/2019,39.551998,41.48,39.208,41.015999,90019500
22/05/2019,39.82,40.787998,38.355999,38.546001,93426000
23/05/2019,38.868,39.894001,37.243999,39.098,132735500
24/05/2019,39.966,39.995998,37.75,38.125999,70683000
28/05/2019,38.240002,39,37.57,37.740002,51564500
29/05/2019,37.419998,38.478001,37.007999,37.972,59843000
30/05/2019,37.75,38.452,37.403999,37.644001,39632500
31/05/2019,37.02,37.984001,36.82,37.032001,52033500
03/06/2019,37.102001,37.335999,35.397999,35.793999,65322000
04/06/2019,36.220001,38.796001,35.922001,38.720001,69037500
05/06/2019,39.736,40.256001,38.369999,39.318001,67554000
06/06/2019,40.888,42.200001,40.360001,41.189999,101211000
07/06/2019,41,42.167999,40.700001,40.900002,80017500
10/06/2019,42.049999,43.388,41.801998,42.576,52925000
11/06/2019,43.827999,44.18,42.700001,43.419998,58267500
12/06/2019,44.59,44.675999,41.799999,41.852001,75987500
13/06/2019,42.076,42.98,41.501999,42.782001,40841500
14/06/2019,42.25,43.330002,42.080002,42.984001,37167000
17/06/2019,43.096001,45.400002,42.854,45.006001,61584000
18/06/2019,45.743999,46.948002,44.512001,44.948002,63579000
19/06/2019,45.021999,45.554001,44.212002,45.285999,32875500
20/06/2019,44.599998,45.380001,43.27,43.924,59317500
21/06/2019,43.243999,44.436001,43.099998,44.372002,41010500
24/06/2019,44.647999,45.172001,44.203999,44.728001,28754000
25/06/2019,44.877998,45.068001,43.897999,43.952,30910500
26/06/2019,44.062,45.445999,43.619999,43.854,42536000
27/06/2019,43.889999,44.580002,43.470001,44.568001,31698500
28/06/2019,44.198002,45.034,44.16,44.692001,34257000
01/07/2019,46.042,46.619999,45.256001,45.433998,41067000
02/07/2019,45.778,45.830002,44.444,44.91,46295000
03/07/2019,47.877998,48.313999,46.902,46.98,71005500
05/07/2019,46.914001,47.09,46.16,46.619999,35328500
08/07/2019,46.248001,46.450001,45.731998,46.068001,29402500
09/07/2019,45.793999,46.200001,45.456001,46.012001,30954000
10/07/2019,46.830002,47.787998,46.627998,47.784,45728500
11/07/2019,47.627998,48.299999,47.16,47.720001,37572000
12/07/2019,47.950001,49.076,47.942001,49.015999,46002500
15/07/2019,49.599998,50.883999,48.972,50.700001,55000500
16/07/2019,49.860001,50.706001,49.585999,50.476002,40745000
17/07/2019,51.133999,51.661999,50.669998,50.972,48823500
18/07/2019,51.009998,51.150002,50.377998,50.708,23793000
19/07/2019,51.138,51.992001,50.924,51.636002,35242000
22/07/2019,51.75,52.43,50.838001,51.136002,34212000
23/07/2019,51.341999,52.096001,50.900002,52.034,25115500
24/07/2019,51.834,53.214001,51.632,52.976002,55364000
25/07/2019,46.700001,46.900002,45.110001,45.764,112091500
26/07/2019,45.383999,46.051998,44.450001,45.608002,50138500
29/07/2019,45.417999,47.188,45.206001,47.153999,46366500
30/07/2019,46.580002,48.672001,46.436001,48.452,40545000
31/07/2019,48.599998,49.335999,47.330002,48.321999,45891000
01/08/2019,48.529999,48.902,46.354,46.77,41297500
02/08/2019,46.27,47.254002,45.846001,46.868,30682500
05/08/2019,45.919998,46.273998,45.155998,45.664001,35141500
06/08/2019,46.375999,46.5,45.150002,46.150002,27821000
07/08/2019,45.299999,46.714001,45.16,46.683998,23882500
08/08/2019,46.889999,47.959999,46.529999,47.66,26371500
09/08/2019,47.209999,47.792,46.762001,47.001999,19491000
12/08/2019,46.598,47.153999,45.75,45.801998,23319500
13/08/2019,45.762001,47.200001,45.509998,47,24240500
14/08/2019,46.242001,46.299999,43.338001,43.924,47813000
15/08/2019,44.172001,44.312,42.310001,43.127998,40798000
16/08/2019,43.332001,44.448002,43.203999,43.987999,25492500
19/08/2019,44.841999,45.566002,44.34,45.366001,26548000
20/08/2019,45.523998,45.818001,44.908001,45.172001,20626000
21/08/2019,44.402,44.644001,43.52,44.166,38971500
22/08/2019,44.560001,45.080002,43.644001,44.43,32795000
23/08/2019,43.993999,44.234001,42.200001,42.279999,42693000
26/08/2019,42.720001,43.004002,42.307999,43,25259500
27/08/2019,43.147999,43.759998,42.405998,42.816002,27081000
28/08/2019,42.737999,43.450001,42.462002,43.118,16127500
29/08/2019,43.799999,44.68,43.599998,44.341999,25897500
30/08/2019,45.830002,46.487999,44.841999,45.122002,46603000
03/09/2019,44.816002,45.790001,44.632,45.001999,26770500
04/09/2019,45.377998,45.692001,43.841999,44.136002,28805000
05/09/2019,44.5,45.959999,44.169998,45.916,36976500
06/09/2019,45.439999,45.928001,45.034,45.490002,20947000
09/09/2019,46,46.751999,45.846001,46.358002,24013500
10/09/2019,46.16,47.108002,45.787998,47.108002,24418500
11/09/2019,47.476002,49.633999,47.200001,49.419998,50214000
12/09/2019,49.540001,50.700001,48.880001,49.174,42906000
13/09/2019,49.391998,49.689999,48.973999,49.040001,26565500
16/09/2019,49.200001,49.486,48.234001,48.562,23640500
17/09/2019,48.493999,49.119999,48.074001,48.958,19327000
18/09/2019,49,49.633999,48.473999,48.698002,20851000
19/09/2019,49.200001,49.588001,48.967999,49.32,23979000
20/09/2019,49.298,49.389999,47.632,48.124001,31765000
23/09/2019,48,49.035999,47.844002,48.245998,21701000
24/09/2019,48.304001,48.397999,44.521999,44.641998,64457500
25/09/2019,44.911999,45.796001,43.672001,45.740002,47135500
26/09/2019,46.132,48.661999,45.48,48.512001,59422500
27/09/2019,48.439999,49.742001,47.745998,48.425999,55582000
30/09/2019,48.599998,48.796001,47.222,48.174,29399000
01/10/2019,48.299999,49.189999,47.826,48.938,30813000
02/10/2019,48.658001,48.93,47.886002,48.625999,28157000
03/10/2019,46.372002,46.896,44.855999,46.605999,75422500
04/10/2019,46.321999,46.956001,45.613998,46.285999,39975000
07/10/2019,45.959999,47.712002,45.709999,47.543999,40321000
08/10/2019,47.174,48.787998,46.900002,48.009998,43391000
09/10/2019,48.264,49.459999,48.130001,48.905998,34472000
10/10/2019,49.056,49.855999,48.316002,48.948002,31416500
11/10/2019,49.43,50.216,49.362,49.577999,42377000
14/10/2019,49.580002,51.709999,49.425999,51.391998,51025000
15/10/2019,51.540001,52,50.824001,51.577999,32164000
16/10/2019,51.478001,52.419998,51.383999,51.950001,33420500
17/10/2019,52.5,52.956001,52.034,52.394001,23846500
18/10/2019,52.139999,52.560001,51.02,51.389999,28749000
21/10/2019,51.666,51.900002,50.035999,50.700001,25101500
22/10/2019,50.863998,51.666,50.169998,51.116001,23004000
23/10/2019,50.900002,51.228001,50.27,50.936001,26305500
24/10/2019,59.674,60.986,57.84,59.936001,148604500
25/10/2019,59.543999,66,59.222,65.625999,150030500
28/10/2019,65.508003,68.167999,64.519997,65.542,94351500
29/10/2019,63.998001,64.860001,62.950001,63.243999,63421500
30/10/2019,62.599998,63.757999,61.993999,63.001999,48209000
31/10/2019,62.619999,63.799999,62.599998,62.984001,25335000
01/11/2019,63.264,63.296001,61.959999,62.661999,31919500
04/11/2019,62.959999,64.388,61.852001,63.493999,43935000
05/11/2019,63.924,64.702003,63.223999,63.444,34717000
06/11/2019,63.599998,65.344002,62.900002,65.316002,39704500
07/11/2019,65.828003,68.300003,65.603996,67.108002,72336500
08/11/2019,66.900002,67.491997,66.5,67.428001,30346000
11/11/2019,68.790001,69.837997,68.400002,69.017998,49933500
12/11/2019,69.379997,70.073997,68.807999,69.986,36797000
13/11/2019,71,71.265999,69.036003,69.222,42100500
14/11/2019,69.222,70.767998,68.582001,69.870003,32324500
15/11/2019,70.127998,70.559998,69.671997,70.433998,24045000
18/11/2019,70.584,70.629997,69.220001,69.998001,22002000
19/11/2019,70.349998,71.998001,69.559998,71.903999,38624000
20/11/2019,72,72.239998,69.914001,70.444,33625500
21/11/2019,70.902,72.167999,70.800003,70.966003,30550000
22/11/2019,68.031998,68.199997,66,66.608002,84353000
25/11/2019,68.863998,68.914001,66.891998,67.267998,61697500
26/11/2019,67.054001,67.099998,65.419998,65.783997,39737000
27/11/2019,66.223999,66.786003,65.713997,66.258003,27778000
29/11/2019,66.222,66.251999,65.5,65.987999,12328000
02/12/2019,65.879997,67.276001,65.737999,66.973999,30372500
03/12/2019,66.524002,67.582001,66.438004,67.239998,32868500
04/12/2019,67.550003,67.571999,66.57,66.606003,27665000
05/12/2019,66.566002,66.884003,65.449997,66.073997,18623000
06/12/2019,67,67.772003,66.954002,67.178001,38062000
09/12/2019,67.318001,68.889999,67.015999,67.905998,45115500
10/12/2019,67.991997,70.146004,67.862,69.767998,44141500
11/12/2019,70.375999,71.438004,70.218002,70.540001,34489000
12/12/2019,70.984001,72.547997,70.646004,71.935997,38819500
13/12/2019,72.209999,73.042,70.928001,71.678001,32854500
16/12/2019,72.510002,76.722,72.5,76.300003,90871000
17/12/2019,75.797997,77.099998,75.18,75.797997,42484000
18/12/2019,76.125999,79.043999,76.115997,78.629997,70605000
19/12/2019,79.463997,81.370003,79.300003,80.807999,90535500
20/12/2019,82.057999,82.599998,80.038002,81.117996,73763500
23/12/2019,82.356003,84.402,82,83.844002,66598000
24/12/2019,83.671997,85.094002,82.538002,85.050003,40273500
26/12/2019,85.582001,86.695999,85.269997,86.188004,53169500
27/12/2019,87,87.061996,85.222,86.075996,49728500
30/12/2019,85.758003,85.800003,81.851997,82.940002,62932000
31/12/2019,81,84.258003,80.416,83.666,51428500
02/01/2020,84.900002,86.139999,84.342003,86.052002,47660500
03/01/2020,88.099998,90.800003,87.384003,88.601997,88892500
06/01/2020,88.094002,90.311996,88,90.307999,50665000
07/01/2020,92.279999,94.325996,90.671997,93.811996,89410500
08/01/2020,94.739998,99.697998,93.646004,98.428001,155721500
09/01/2020,99.419998,99.760002,94.573997,96.267998,142202000
10/01/2020,96.358002,96.987999,94.739998,95.629997,64797500
13/01/2020,98.699997,105.125999,98.400002,104.972,132588000
14/01/2020,108.851997,109.482002,104.980003,107.584,144981000
15/01/2020,105.952003,107.568001,103.358002,103.699997,86844000
16/01/2020,98.75,102.891998,98.433998,102.697998,108683500
17/01/2020,101.522003,103.134003,100.632004,102.099998,68145500
21/01/2020,106.050003,109.716003,105.681999,109.440002,89017500
22/01/2020,114.377998,118.900002,111.82,113.912003,156845000
23/01/2020,112.849998,116.400002,111.120003,114.440002,98255000
24/01/2020,114.125999,114.772003,110.851997,112.963997,71768000
27/01/2020,108.398003,112.888,107.856003,111.603996,68040500
28/01/2020,113.697998,115.362,111.615997,113.379997,58942500
29/01/2020,115.138,117.959999,113.486,116.197998,89007500
30/01/2020,126.484001,130.175995,123.599998,128.162003,145028500
31/01/2020,128,130.600006,126.503998,130.113998,78596500
03/02/2020,134.738007,157.227997,134.703995,156,235325000
04/02/2020,176.591995,193.798004,166.776001,177.412003,304694000
05/02/2020,164.651993,169.195999,140.822006,146.940002,242119000
06/02/2020,139.983994,159.166,137.399994,149.792007,199404000
07/02/2020,146.110001,153.949997,146,149.613998,85317500
10/02/2020,160,163.998001,150.479996,154.255997,123446000
11/02/2020,153.757996,156.701996,151.600006,154.876007,58487500
12/02/2020,155.574005,157.949997,152.673996,153.457993,60112500
13/02/2020,148.367996,163.600006,147,160.800003,131446500
14/02/2020,157.444,162.593994,157.100006,160.005997,78468500
18/02/2020,168.320007,172,166.472,171.679993,81908500
19/02/2020,184.699997,188.955994,180.203995,183.483994,127115000
20/02/2020,182.389999,182.399994,171.988007,179.882004,88174500
21/02/2020,181.395996,182.612,176.089996,180.199997,71574000
24/02/2020,167.800003,172.699997,164.440002,166.757996,75961000
25/02/2020,169.800003,171.320007,157.399994,159.981995,86452500
26/02/2020,156.5,162.662003,155.222,155.759995,70427500
27/02/2020,146,147.953995,133.800003,135.800003,121386000
28/02/2020,125.940002,138.104004,122.304001,133.598007,121114500
02/03/2020,142.251999,148.738007,137.334,148.723999,100975000
03/03/2020,161,161.395996,143.222,149.102005,128920000
04/03/2020,152.792007,153.304001,144.945999,149.899994,75245000
01/09/2020,502.140015,502.48999,470.51001,475.049988,89841100
02/09/2020,478.98999,479.040009,405.119995,447.369995,96176100
03/09/2020,407.230011,431.799988,402,407,87596100
04/09/2020,402.809998,428,372.019989,418.320007,110321900
08/09/2020,356,368.73999,329.880005,330.209991,115465700
09/09/2020,356.600006,369,341.51001,366.279999,79465800
10/09/2020,386.209991,398.98999,360.559998,371.339996,84930600
11/09/2020,381.940002,382.5,360.5,372.720001,60717500
14/09/2020,380.950012,420,373.299988,419.619995,83020600
15/09/2020,436.559998,461.940002,430.700012,449.76001,97298200
16/09/2020,439.869995,457.790009,435.309998,441.76001,72279300
17/09/2020,415.600006,437.790009,408,423.429993,76779200
18/09/2020,447.940002,451,428.799988,442.149994,86406800
21/09/2020,453.130005,455.679993,407.070007,449.390015,109476800
22/09/2020,429.600006,437.76001,417.600006,424.230011,79580800
23/09/2020,405.160004,412.149994,375.880005,380.359985,95074200
24/09/2020,363.799988,399.5,351.299988,387.790009,96561100
25/09/2020,393.470001,408.730011,391.299988,407.339996,67208500
28/09/2020,424.619995,428.079987,415.549988,421.200012,49719600
29/09/2020,416,428.5,411.600006,419.070007,50219300
30/09/2020,421.320007,433.929993,420.470001,429.01001,48145600
01/10/2020,440.76001,448.880005,434.420013,448.160004,50741500
02/10/2020,421.390015,439.130005,415,415.089996,71430000
05/10/2020,423.350006,433.640015,419.329987,425.679993,44722800
06/10/2020,423.790009,428.779999,406.049988,413.980011,49146300
07/10/2020,419.869995,429.899994,413.850006,425.299988,43127700
08/10/2020,438.440002,439,425.299988,425.920013,40421100
09/10/2020,430.130005,434.589996,426.459991,434,28925700
12/10/2020,442,448.73999,438.579987,442.299988,38791100
13/10/2020,443.350006,448.890015,436.600006,446.649994,34463700
14/10/2020,449.779999,465.899994,447.350006,461.299988,47879700
15/10/2020,450.309998,456.570007,442.5,448.880005,35672400
16/10/2020,454.440002,455.950012,438.850006,439.670013,32775900
19/10/2020,446.23999,447,428.869995,430.829987,36287800
20/10/2020,431.75,431.75,419.049988,421.940002,31656300
21/10/2020,422.700012,432.950012,421.25,422.640015,32370500
22/10/2020,441.920013,445.230011,424.51001,425.790009,39993200
23/10/2020,421.839996,422.890015,407.380005,420.630005,33717000
26/10/2020,411.630005,425.76001,410,420.279999,28239200
27/10/2020,423.76001,430.5,420.100006,424.679993,22686500
28/10/2020,416.480011,418.600006,406,406.019989,25451400
29/10/2020,409.959991,418.059998,406.459991,410.829987,22655300
30/10/2020,406.899994,407.589996,379.109985,388.040009,42511300
02/11/2020,394,406.980011,392.299988,400.51001,29021100
03/11/2020,409.730011,427.769989,406.690002,423.899994,34351700
04/11/2020,430.619995,435.399994,417.100006,420.980011,32143100
05/11/2020,428.299988,440,424,438.089996,28414500
06/11/2020,436.100006,436.570007,424.279999,429.950012,21706000
09/11/2020,439.5,452.5,421,421.26001,34833000
10/11/2020,420.089996,420.089996,396.029999,410.359985,30284200
11/11/2020,416.450012,418.700012,410.579987,417.130005,17357700
12/11/2020,415.049988,423,409.519989,411.76001,19855100
13/11/2020,410.850006,412.529999,401.660004,408.5,19771100
16/11/2020,408.929993,412.450012,404.089996,408.089996,26838600
17/11/2020,460.170013,462,433.01001,441.609985,61188300
18/11/2020,448.350006,496,443.5,486.640015,78044000
19/11/2020,492,508.609985,487.570007,499.269989,62475300
20/11/2020,497.98999,502.5,489.059998,489.609985,32911900
23/11/2020,503.5,526,501.790009,521.849976,50260300
24/11/2020,540.400024,559.98999,526.200012,555.380005,53648500
25/11/2020,550.059998,574,545.369995,574,48930200
27/11/2020,581.159973,598.780029,578.450012,585.76001,37561100
30/11/2020,602.210022,607.799988,554.51001,567.599976,63003100
01/12/2020,597.590027,597.849976,572.049988,584.76001,40103500
02/12/2020,556.440002,571.539978,541.210022,568.820007,47775700
03/12/2020,590.02002,598.969971,582.429993,593.380005,42552000
04/12/2020,591.01001,599.039978,585.5,599.039978,29401300
06/03/2020,138,141.399994,136.854004,140.695999,63314500
09/03/2020,121.078003,132.600006,121,121.599998,85368500
10/03/2020,131.886002,133.600006,121.599998,129.065994,77972000
11/03/2020,128.039993,130.716003,122.599998,126.846001,66612500
12/03/2020,116.178001,118.900002,109.25,112.110001,94545500
13/03/2020,119,121.514,100.400002,109.323997,113201500
16/03/2020,93.900002,98.973999,88.433998,89.014,102447500
17/03/2020,88.001999,94.370003,79.199997,86.040001,119973000
18/03/2020,77.800003,80.972,70.101997,72.244003,118931000
19/03/2020,74.940002,90.400002,71.692001,85.528,150977500
20/03/2020,87.639999,95.400002,85.157997,85.505997,141427500
23/03/2020,86.720001,88.400002,82.099998,86.858002,82272500
24/03/2020,95.459999,102.737999,94.800003,101,114476000
25/03/2020,109.050003,111.400002,102.222,107.849998,106113500
26/03/2020,109.477997,112,102.449997,105.632004,86903500
27/03/2020,101,105.160004,98.806,102.872002,71887000
30/03/2020,102.052002,103.330002,98.246002,100.426003,59990500
31/03/2020,100.25,108.592003,99.400002,104.800003,88857500
01/04/2020,100.800003,102.790001,95.019997,96.311996,66766000
02/04/2020,96.206001,98.851997,89.279999,90.893997,99292000
03/04/2020,101.900002,103.098,93.678001,96.001999,112810500
06/04/2020,102.239998,104.199997,99.592003,103.248001,74509000
07/04/2020,109,113,106.468002,109.089996,89599000
08/04/2020,110.839996,111.442001,106.666,109.767998,63280000
09/04/2020,112.417999,115.036003,111.421997,114.599998,68250000
13/04/2020,118.031998,130.399994,116.106003,130.190002,112377000
14/04/2020,139.794006,148.376007,138.485992,141.977997,152882500
15/04/2020,148.399994,150.626007,142,145.966003,117885000
16/04/2020,143.388,151.889999,141.343994,149.042007,103289500
17/04/2020,154.455994,154.990005,149.531998,150.778,65641000
20/04/2020,146.539993,153.113998,142.442001,149.272003,73733000
21/04/2020,146.024002,150.666,134.757996,137.343994,101045500
22/04/2020,140.796005,146.800003,137.742004,146.421997,70827500
23/04/2020,145.520004,146.800003,140.626007,141.126007,66183500
24/04/2020,142.162003,146.145996,139.636002,145.029999,66060000
27/04/2020,147.522003,159.897995,147,159.75,103407000
28/04/2020,159.128006,161,151.337997,153.824005,76110000
29/04/2020,158.033997,160.639999,156.632004,160.102005,81080000
30/04/2020,171.037994,173.964005,152.699997,156.376007,142359500
01/05/2020,151,154.554001,136.608002,140.264008,162659000
04/05/2020,140.199997,152.399994,139.600006,152.238007,96185500
05/05/2020,157.957993,159.783997,152.436005,153.641998,84958500
06/05/2020,155.300003,157.960007,152.222,156.516006,55616000
07/05/2020,155.442001,159.279999,154.470001,156.007996,57638500
08/05/2020,158.753998,164.800003,157.401993,163.884003,80432500
11/05/2020,158.102005,164.800003,157,162.257996,82598000
12/05/2020,165.399994,168.658005,161.600006,161.882004,79534500
13/05/2020,164.166,165.199997,152.660004,158.192001,95327500
14/05/2020,156,160.671997,152.800003,160.666,68411000
15/05/2020,158.070007,161.009995,157.309998,159.834,52592000
18/05/2020,165.556,166.944,160.776001,162.725998,58329000
19/05/2020,163.033997,164.414001,161.216003,161.602005,48182500
20/05/2020,164.100006,165.199997,162.360001,163.112,36546500
21/05/2020,163.199997,166.5,159.199997,165.520004,61273000
22/05/2020,164.434006,166.356003,162.399994,163.376007,49937500
26/05/2020,166.899994,166.919998,163.141998,163.774002,40448500
27/05/2020,164.171997,165.542007,157,164.046005,57747500
28/05/2020,162.701996,164.949997,160.337997,161.162003,36278000
29/05/2020,161.75,167,160.841995,167,58822500
01/06/2020,171.600006,179.800003,170.820007,179.619995,74697500
02/06/2020,178.940002,181.731995,174.199997,176.311996,67828000
03/06/2020,177.623993,179.587997,176.020004,176.591995,39747500
04/06/2020,177.975998,179.149994,171.688004,172.876007,44438500
05/06/2020,175.567993,177.304001,173.240005,177.132004,39059500
08/06/2020,183.800003,190,181.832001,189.983994,70873500
09/06/2020,188.001999,190.888,184.785995,188.134003,56941000
10/06/2020,198.376007,205.496002,196.5,205.009995,92817000
11/06/2020,198.039993,203.792007,194.399994,194.567993,79582500
12/06/2020,196,197.595993,182.520004,187.056,83817000
15/06/2020,183.557999,199.768005,181.699997,198.179993,78486000
16/06/2020,202.369995,202.576004,192.477997,196.425995,70255500
17/06/2020,197.542007,201,196.514008,198.358002,49454000
18/06/2020,200.600006,203.839996,198.893997,200.792007,48759500
19/06/2020,202.556,203.194,198.268005,200.179993,43398500
22/06/2020,199.990005,201.776001,198.003998,198.863998,31812000
23/06/2020,199.776001,202.399994,198.802002,200.356003,31826500
24/06/2020,198.822006,200.175995,190.628006,192.169998,54798000
25/06/2020,190.854004,197.195999,187.429993,197.195999,46272500
26/06/2020,198.955994,199,190.973999,191.947998,44274500
29/06/2020,193.802002,202,189.703995,201.869995,45132000
30/06/2020,201.300003,217.537994,200.746002,215.962006,84592500
01/07/2020,216.600006,227.065994,216.100006,223.925995,66634500
02/07/2020,244.296005,245.600006,237.119995,241.731995,86250500
06/07/2020,255.337997,275.558014,253.207993,274.31601,102849500
07/07/2020,281.002014,285.899994,267.34201,277.971985,107448500
08/07/2020,281,283.451996,262.268005,273.175995,81556500
09/07/2020,279.39801,281.712006,270.256012,278.855988,58588000
10/07/2020,279.200012,309.783997,275.201996,308.929993,116688000
13/07/2020,331.799988,358.997986,294.221985,299.411987,194927000
14/07/2020,311.200012,318,286.200012,303.359985,117090500
15/07/2020,308.600006,310,291.399994,309.201996,81839000
16/07/2020,295.432007,306.34201,293.200012,300.127991,71504000
17/07/2020,302.690002,307.502014,298,300.167999,46650000
20/07/2020,303.802002,330,297.600006,328.600006,85607000
21/07/2020,327.985992,335,311.600006,313.671997,80536000
22/07/2020,319.799988,325.283997,312.399994,318.466003,70805500
23/07/2020,335.790009,337.799988,296.153992,302.614014,121642500
24/07/2020,283.201996,293,273.308014,283.399994,96983000
27/07/2020,287,309.588013,282.600006,307.920013,80243500
28/07/2020,300.799988,312.940002,294.884003,295.298004,79043500
29/07/2020,300.200012,306.962006,297.399994,299.821991,47134500
30/07/2020,297.600006,302.64801,294.200012,297.497986,38105000
31/07/2020,303,303.410004,284.196014,286.152008,61041000
03/08/2020,289.839996,301.962006,288.876007,297,44046500
04/08/2020,299.002014,305.481995,292.399994,297.399994,42075000
05/08/2020,298.597992,299.967987,293.661987,297.003998,24739000
06/08/2020,298.165985,303.462006,295.451996,297.915985,29961500
07/08/2020,299.90799,299.950012,283.002014,290.541992,44482000
10/08/2020,289.600006,291.5,277.167999,283.713989,37611500
11/08/2020,279.200012,284,273,274.877991,43129000
12/08/2020,294,317,287,310.951996,109147000
13/08/2020,322.200012,330.235992,313.451996,324.200012,102126500
14/08/2020,332.997986,333.76001,325.328003,330.141998,62888000
17/08/2020,335.399994,369.171997,334.56601,367.127991,101211500
18/08/2020,379.798004,384.779999,369.022003,377.417999,82372500
19/08/2020,373,382.200012,368.242004,375.705994,61026500
20/08/2020,372.135986,404.39801,371.411987,400.365997,103059000
21/08/2020,408.951996,419.097992,405.01001,409.996002,107448000
24/08/2020,425.256012,425.799988,385.503998,402.839996,100318000
25/08/2020,394.977997,405.589996,393.600006,404.667999,53294500
26/08/2020,412,433.200012,410.726013,430.634003,71197000
21/12/2020,666.23999,668.5,646.070007,649.859985,58045300
22/12/2020,648,649.880005,614.22998,640.340027,51716000
23/12/2020,632.200012,651.5,622.570007,645.97998,33173000
24/12/2020,642.98999,666.090027,641,661.77002,22865600
28/12/2020,674.51001,681.400024,660.799988,663.690002,32278600
29/12/2020,661,669.900024,655,665.98999,22910800
30/12/2020,672,696.599976,668.359985,694.780029,42846000
31/12/2020,699.98999,718.719971,691.119995,705.669983,49649900
04/01/2021,719.460022,744.48999,717.190002,729.77002,48638200
05/01/2021,723.659973,740.840027,719.200012,735.109985,32245200
06/01/2021,758.48999,774,749.099976,755.97998,44700000
07/01/2021,777.630005,816.98999,775.200012,816.039978,51498900
08/01/2021,856,884.48999,838.390015,880.02002,75055500
11/01/2021,849.400024,854.429993,803.619995,811.190002,59301600
12/01/2021,831,868,827.340027,849.440002,46270700
13/01/2021,852.76001,860.469971,832,854.409973,33312500
14/01/2021,843.390015,863,838.75,845,31266300
15/01/2021,852,859.900024,819.099976,826.159973,38777600
19/01/2021,837.799988,850,833,844.549988,25367000
20/01/2021,858.73999,859.5,837.280029,850.450012,25665900
21/01/2021,855,855.719971,841.419983,844.98999,20521100
